Nodes,Edges,Num_Communities,Modularity,Avg_Degree,Avg_Weighted_Degree,Density,Avg_Clustering_Coeff,Diameter,Avg_Path_Length,Graph
327,3402,11,0.8144582229133926,20.807339449541285,231.9816513761468,0.06382619463049474,0.004666967528547817,5,2.5947918425545486,Day 1
327,3361,10,0.8140062289838781,20.5565749235474,233.68195718654434,0.06305697829309019,0.004978779801346679,5,2.6188814468771695,Day 2
327,3352,11,0.8136497664454239,20.501529051987767,230.14678899082568,0.06288812592634284,0.0046130628048625276,5,2.6164049454982083,Day 3
327,3400,11,0.8161966939375997,20.795107033639145,232.2262996941896,0.06378867188232866,0.004703367048763291,5,2.6191253447402487,Day 4
327,3389,10,0.8134079468902775,20.72782874617737,233.60244648318042,0.06358229676741524,0.00468432586025649,5,2.628205849796439,Day 5
327,5818,11,0.8134988960281732,35.584097859327215,1161.6391437308869,0.10915367441511416,0.002339195365553773,4,2.1594341569576554,Aggregated (HS0)
